Orientation,Parent,Fluor,PWM,Window_size,P-value,ROI,N_without,N_with,Fluor_without,Fluor_with,Q-value,status,gain-loss,percent_change
bottom,DIS3_IS150_L,mScarlet,minus10,6,1.3176329564590225e-95,"[119, 125]",3005,149,1.0952380952380951,3.261318900277804,5.718527031032158e-93,True,gain,197.77259524275604
top,DIS3_IS150_R,GFP,minus10,6,5.156155846417723e-15,"[62, 68]",6315,20,1.111111111111111,3.0,3.1968166247789883e-13,True,gain,170.00000000000003
top,DIS3_IS150_R,GFP,minus10,6,1.2699495126307312e-10,"[30, 36]",6321,14,1.111111111111111,2.7134920634920636,4.592984070681144e-09,True,gain,144.21428571428575
bottom,DIS3_IS150_R,GFP,minus10,6,1.2699495126307312e-10,"[113, 119]",6321,14,1.111111111111111,2.7134920634920636,4.592984070681144e-09,True,gain,144.21428571428575
bottom,DIS3_IS150_L,mScarlet,minus10,6,8.831153346458925e-49,"[97, 103]",3064,90,1.1,2.2654579984262115,1.9163602761815868e-46,True,gain,105.95072712965559
top,dIS3_IS3_L,mScarlet,minus10,6,8.052319036647704e-12,"[41, 47]",2998,15,1.042347386912604,1.98954990801352,3.4947064619051035e-10,True,gain,90.8720579140603
bottom,dIS3_IS3_L,mScarlet,minus10,6,8.052319036647704e-12,"[107, 113]",2998,15,1.042347386912604,1.98954990801352,3.4947064619051035e-10,True,gain,90.8720579140603
bottom,DIS3_IS150_L,mScarlet,minus10,6,1.0731433196653694e-16,"[112, 118]",3123,31,1.1051282051282052,1.976851851851852,9.314884014695405e-15,True,gain,78.87986594483115
top,DIS3_IS150_L,mScarlet,minus10,6,3.203250266275381e-16,"[31, 37]",3124,30,1.1061355311355312,1.9699074074074074,2.3170176926058588e-14,True,gain,78.08915381148182
top,dIS3_IS3_L,GFP,minus10,6,0.009250653091426501,"[41, 47]",2998,15,1.1166666666666667,1.569922112693197,0.05428954764108143,False,gain,40.59003994267435
bottom,dIS3_IS3_L,GFP,minus10,6,0.009250653091426501,"[107, 113]",2998,15,1.1166666666666667,1.569922112693197,0.05428954764108143,False,gain,40.59003994267435
top,DIS3_IS2_R,GFP,minus10,6,0.00452737033526401,"[31, 37]",4096,14,1.131471756503849,1.3773148148148149,0.03778612933662655,True,gain,21.72772381615604
bottom,dIS3_IS3_L,GFP,minus35,6,0.009625554628022942,"[57, 63]",3003,10,1.1166666666666667,1.3398842549203374,0.05485963785402345,False,gain,19.989634768985432
top,dIS3_IS3_R,GFP,minus10,6,0.037289604433876015,"[142, 148]",1913,12,1.1802083333333333,1.415038665038665,0.1254549482504046,False,gain,19.89736261580922
top,DIS3_IS2_R,mScarlet,minus10,6,0.0005694209256562943,"[6, 12]",4093,17,1.0,1.1944444444444444,0.007268490639259757,True,gain,19.444444444444443
bottom,DIS3_IS150_L,GFP,minus10,6,0.1344593980088014,"[19, 25]",3142,12,1.142857142857143,1.3621031746031746,0.2651451602623755,False,gain,19.184027777777764
top,DIS3_IS150_R,mScarlet,minus10,6,4.330111201752942e-05,"[30, 36]",6321,14,1.037037037037037,1.2214285714285715,0.0009825997114934404,True,gain,17.780612244897974
bottom,DIS3_IS150_R,mScarlet,minus10,6,4.330111201752942e-05,"[113, 119]",6321,14,1.037037037037037,1.2214285714285715,0.0009825997114934404,True,gain,17.780612244897974
bottom,DIS3_IS150_R,mScarlet,minus10,6,0.0010514153600872892,"[106, 112]",6320,15,1.037037037037037,1.2166666666666666,0.011129616250680086,True,gain,17.32142857142857
top,DIS3_IS150_R,mScarlet,minus10,6,0.0010514153600872892,"[37, 43]",6320,15,1.037037037037037,1.2166666666666666,0.011129616250680086,True,gain,17.32142857142857
bottom,DIS3_IS150_L,GFP,minus10,6,1.2701719405093068e-14,"[119, 125]",3005,149,1.1333333333333333,1.3196581196581196,6.890682777262989e-13,True,gain,16.440422322775262
bottom,DIS3_IS150_L,GFP,minus10,6,1.1290736937654002e-06,"[97, 103]",3064,90,1.1333333333333333,1.29494301994302,3.76936910072449e-05,True,gain,14.25967823026648
bottom,dIS3_IS3_R,GFP,minus10,6,0.01432101468365475,"[14, 20]",54,1871,1.341698787777219,1.1772549019607843,0.06683140185705551,False,loss,13.968418015719807
top,dIS3_IS3_L,GFP,minus10,6,0.22817183821721615,"[14, 20]",3003,10,1.1166666666666667,1.2508584385705177,0.33684433706624073,False,gain,12.01717360332994
bottom,dIS3_IS3_L,GFP,minus10,6,0.20072194638399937,"[76, 82]",3001,12,1.1166666666666667,1.2457765218342742,0.3162403367861987,False,gain,11.562076582173809
bottom,DIS3_IS150_L,mScarlet,minus35,6,1.0204184326094734e-26,"[119, 125]",414,2740,1.2041666666666666,1.0952380952380951,1.1071539993812787e-24,True,loss,9.94565217391305
top,DIS3_IS150_L,mScarlet,minus35,6,5.827773042009446e-27,"[25, 31]",423,2731,1.2,1.0952380952380951,8.430845000773664e-25,True,loss,9.565217391304355
bottom,dIS3_IS3_L,mScarlet,minus10,6,0.1385161036673408,"[19, 25]",2993,20,1.0444444444444445,1.128937728937729,0.2671821732961151,False,gain,8.089782557867656
bottom,dIS3_IS3_L,GFP,minus10,6,0.1588263936964736,"[129, 135]",3002,11,1.1166666666666667,1.2023809523809523,0.2884127818588684,False,gain,7.675906183368862
bottom,dIS3_IS3_L,GFP,minus35,6,0.3479335222113319,"[96, 102]",3003,10,1.1171477079796264,1.2024684716992406,0.4194531906658835,False,gain,7.63737535423295
bottom,DIS3_IS2_R,GFP,minus10,6,0.21719009945610973,"[118, 124]",4098,12,1.1327561327561328,1.218043412951012,0.3307386075928127,False,gain,7.529182824847296
bottom,dIS3_IS3_R,GFP,minus35,6,0.004411861682596304,"[43, 49]",123,1802,1.2513978494623657,1.1713849016480593,0.037544077847976386,True,loss,6.830628233446884
top,DIS3_IS150_R,GFP,minus10,6,0.26748980829933294,"[63, 69]",6321,14,1.111111111111111,1.1862745098039214,0.3608021473100681,False,gain,6.764705882352938
bottom,DIS3_IS150_L,GFP,minus35,6,2.8955949443102978e-05,"[119, 125]",414,2740,1.2071759259259258,1.1333333333333333,0.0007481207438973112,True,loss,6.515522875816987
bottom,dIS3_IS3_R,GFP,minus35,6,0.016082641510447606,"[46, 52]",187,1738,1.2428341384863124,1.1670018679593404,0.07270694182848188,False,loss,6.498041914840718
top,DIS3_IS150_L,GFP,minus35,6,2.930426877017117e-05,"[25, 31]",423,2731,1.2060185185185184,1.1333333333333333,0.0007481207438973112,True,loss,6.413398692810449
top,dIS3_IS3_R,mScarlet,minus10,6,0.25944785623087335,"[63, 69]",1914,11,1.0027777777777778,1.0666666666666669,0.3553858207823636,False,gain,6.371191135734093
bottom,dIS3_IS3_R,mScarlet,minus35,6,0.36817771811635125,"[143, 149]",1906,19,1.0075396825396825,1.0666666666666669,0.4365823214822307,False,gain,5.868452146514399
top,DIS3_IS150_R,GFP,minus10,6,0.00025102245888029736,"[35, 41]",6235,100,1.111111111111111,1.1748885172798218,0.0043577498861619626,True,gain,5.739966555183979
bottom,DIS3_IS2_R,mScarlet,minus10,6,0.23301293034839177,"[28, 34]",4096,14,1.0,1.0555555555555554,0.3404970093306466,False,gain,5.555555555555536
top,DIS3_IS2_R,mScarlet,minus10,6,0.23301293034839177,"[115, 121]",4096,14,1.0,1.0555555555555554,0.3404970093306466,False,gain,5.555555555555536
top,DIS3_IS2_R,GFP,minus10,6,0.27610803405680134,"[100, 106]",4097,13,1.1325757575757576,1.1904761904761905,0.369848415989666,False,gain,5.112279025322503
bottom,DIS3_IS2_R,mScarlet,minus35,6,0.08310782372069264,"[111, 117]",4077,33,1.0,1.0476190476190477,0.20729192813092304,False,gain,4.761904761904767
top,dIS3_IS3_L,GFP,minus35,6,0.09867214518111966,"[120, 126]",2993,20,1.1166666666666667,1.1697530864197532,0.22538795267687334,False,gain,4.754007739082371
bottom,DIS3_IS2_R,GFP,minus10,6,0.32320796269311336,"[84, 90]",4095,15,1.1319444444444444,1.1851851851851851,0.4030811948529058,False,gain,4.703476482617583
top,DIS3_IS150_L,GFP,minus10,6,0.135627247876146,"[57, 63]",3141,13,1.142857142857143,1.1944444444444444,0.2651451602623755,False,gain,4.513888888888872
bottom,dIS3_IS3_L,GFP,minus10,6,0.17696089904230017,"[19, 25]",2993,20,1.1166666666666667,1.1666666666666667,0.29883669332435125,False,gain,4.4776119402985115
top,DIS3_IS150_R,mScarlet,minus10,6,0.0003150773127967755,"[35, 41]",6235,100,1.037037037037037,1.0833333333333333,0.004907602398171225,True,gain,4.464285714285713
bottom,DIS3_IS2_R,mScarlet,minus10,6,0.1822912925652566,"[144, 150]",4098,12,1.0,1.0444444444444443,0.30081528887194436,False,gain,4.444444444444429
bottom,dIS3_IS3_R,mScarlet,minus35,6,0.16457104995642696,"[43, 49]",123,1802,1.0436363636363637,1.0,0.28916532664408623,False,loss,4.3636363636363695
bottom,dIS3_IS3_R,GFP,minus35,6,0.06519304732500786,"[47, 53]",195,1730,1.2166666666666666,1.1722783389450055,0.17252306426252081,False,loss,3.7865007180469092
bottom,DIS3_IS2_R,mScarlet,minus35,6,0.00027158934557068213,"[16, 22]",385,3725,1.0363636363636364,1.0,0.00453345292221831,True,loss,3.6363636363636376
bottom,DIS3_IS150_R,GFP,minus10,6,0.20111136625113096,"[120, 126]",6297,38,1.111111111111111,1.1508771929824562,0.3162403367861987,False,gain,3.5789473684210713
bottom,DIS3_IS150_R,GFP,minus35,6,0.23561833724037246,"[27, 33]",6312,23,1.111111111111111,1.15,0.3409646837913813,False,gain,3.500000000000008
top,DIS3_IS150_R,GFP,minus10,6,0.26361438673738724,"[120, 126]",6313,22,1.111111111111111,1.149074074074074,0.3576489891635903,False,gain,3.4166666666666687
top,DIS3_IS2_R,GFP,minus35,6,0.1352440274361304,"[70, 76]",4093,17,1.131559497413156,1.1683389074693424,0.2651451602623755,False,gain,3.2503293145669674
top,DIS3_IS2_R,GFP,minus10,6,0.19689961261032196,"[6, 12]",4093,17,1.131384015594542,1.1666666666666667,0.31301989697025545,False,gain,3.118538938662985
top,DIS3_IS150_R,mScarlet,minus10,6,0.06343425533118142,"[32, 38]",6281,54,1.037037037037037,1.0690476190476192,0.17099668828405426,False,gain,3.0867346938775757
top,DIS3_IS2_R,GFP,minus10,6,0.3872918689727789,"[134, 140]",4093,17,1.1325757575757576,1.1666666666666667,0.4424053328598035,False,gain,3.0100334448160604
top,DIS3_IS150_R,GFP,minus35,6,0.44462143222744277,"[93, 99]",6309,26,1.111111111111111,1.1444921565889306,0.4734120087246896,False,gain,3.004294093003766
bottom,dIS3_IS3_L,mScarlet,minus35,6,0.4259079257435181,"[57, 63]",3003,10,1.0444444444444445,1.0750000000000002,0.4667778782138557,False,gain,2.925531914893628
bottom,DIS3_IS150_R,mScarlet,minus10,6,0.08928552393809314,"[111, 117]",6281,54,1.037037037037037,1.0665501165501166,0.2169635667298511,False,gain,2.845904095904102
top,dIS3_IS3_L,GFP,minus35,6,0.3098721427633,"[110, 116]",3002,11,1.1166666666666667,1.148148148148148,0.3967094689064077,False,gain,2.8192371475953335
bottom,DIS3_IS150_R,GFP,minus35,6,0.49986998995408827,"[65, 71]",6309,26,1.111111111111111,1.1421356421356421,0.49986998995408827,False,gain,2.7922077922078063
bottom,DIS3_IS150_R,mScarlet,minus10,6,0.14475797800929796,"[78, 84]",6304,31,1.037037037037037,1.0627705627705628,0.2766958832841952,False,gain,2.481447124304277
bottom,dIS3_IS3_L,GFP,minus10,6,0.44809319227121824,"[109, 115]",3002,11,1.1166666666666667,1.142857142857143,0.4734120087246896,False,gain,2.3454157782516107
bottom,dIS3_IS3_R,mScarlet,minus35,6,0.4171609339015988,"[46, 52]",187,1738,1.022222222222222,1.0,0.4595122977494769,False,loss,2.222222222222192
bottom,dIS3_IS3_L,mScarlet,minus35,6,0.32317207010406934,"[46, 52]",3002,11,1.0444444444444445,1.0666666666666669,0.4030811948529058,False,gain,2.1276595744680984
top,DIS3_IS150_L,GFP,minus35,6,0.42948526111659197,"[14, 20]",3143,11,1.142857142857143,1.1666666666666667,0.4683331741824143,False,gain,2.0833333333333255
top,DIS3_IS150_R,GFP,minus35,6,0.005873784070372867,"[32, 38]",350,5985,1.1331002331002331,1.111111111111111,0.045166618216078876,True,loss,1.979020979020996
top,DIS3_IS150_L,GFP,minus35,6,0.09702349889667511,"[131, 137]",3140,14,1.142857142857143,1.1646198830409358,0.22437856415166618,False,gain,1.9042397660818662
top,dIS3_IS3_R,mScarlet,minus10,6,0.3189066978958003,"[142, 148]",1913,12,1.0095238095238095,1.0277777777777777,0.4030811948529058,False,gain,1.8081761006289245
bottom,dIS3_IS3_R,mScarlet,minus10,6,0.4923875668980112,"[122, 128]",1911,14,1.0055555555555555,1.0236985236985237,0.49663741117418275,False,gain,1.8042730749913047
bottom,DIS3_IS150_R,mScarlet,minus10,6,0.13669332344034107,"[138, 144]",6287,48,1.037037037037037,1.0555555555555556,0.26589712562047635,False,gain,1.7857142857142936
bottom,DIS3_IS2_R,mScarlet,minus10,6,0.4306602027569436,"[66, 72]",4098,12,1.0,1.0175438596491229,0.4684374135250966,False,gain,1.7543859649122862
bottom,DIS3_IS150_R,GFP,minus10,6,0.4849162478699058,"[55, 61]",6220,115,1.111111111111111,1.1285714285714288,0.4937029564449388,False,gain,1.5714285714286063
bottom,DIS3_IS2_R,GFP,minus35,6,0.36432522079159296,"[37, 43]",4041,69,1.131384015594542,1.148148148148148,0.4365823214822307,False,gain,1.4817367332873552
top,DIS3_IS150_L,GFP,minus10,6,0.4254175346953419,"[0, 6]",3137,17,1.142857142857143,1.1587301587301586,0.4667778782138557,False,gain,1.3888888888888644
bottom,DIS3_IS150_R,mScarlet,minus10,6,0.47859358698021914,"[127, 133]",6324,11,1.037037037037037,1.051282051282051,0.49088071150479473,False,gain,1.3736263736263616
top,DIS3_IS2_R,GFP,minus10,6,0.3827354240728455,"[102, 108]",4077,33,1.1319444444444444,1.147222222222222,0.4424053328598035,False,gain,1.3496932515337179
bottom,dIS3_IS3_L,mScarlet,minus35,6,0.05308005030297516,"[107, 113]",358,2655,1.0555555555555556,1.0416666666666667,0.15292959083773072,False,loss,1.3333333333333286
bottom,DIS3_IS2_R,GFP,minus35,6,0.4868775699503083,"[114, 120]",4032,78,1.1327561327561328,1.1476608187134503,0.4937029564449388,False,gain,1.3157894736842002
top,DIS3_IS2_R,GFP,minus35,6,0.4868775699503083,"[30, 36]",4032,78,1.1327561327561328,1.1476608187134503,0.4937029564449388,False,gain,1.3157894736842002
top,DIS3_IS150_R,GFP,minus10,6,0.493204433677587,"[40, 46]",6322,13,1.111111111111111,1.125,0.49663741117418275,False,gain,1.2500000000000158
bottom,DIS3_IS150_R,GFP,minus10,6,0.493204433677587,"[103, 109]",6322,13,1.111111111111111,1.125,0.49663741117418275,False,gain,1.2500000000000158
top,DIS3_IS150_R,GFP,minus35,6,0.16406054615421428,"[120, 126]",462,5873,1.1237584702496983,1.111111111111111,0.28916532664408623,False,loss,1.1382623224728652
top,DIS3_IS150_R,mScarlet,minus35,6,0.22248568876899827,"[32, 38]",350,5985,1.0488095238095239,1.037037037037037,0.33527357265883767,False,loss,1.1352040816326634
bottom,DIS3_IS150_L,GFP,minus35,6,0.36803044883289304,"[90, 96]",3134,20,1.142857142857143,1.1547619047619047,0.4365823214822307,False,gain,1.0416666666666434
top,DIS3_IS150_R,mScarlet,minus10,6,0.33234964966954994,"[62, 68]",6315,20,1.037037037037037,1.0476190476190474,0.40586527697151215,False,gain,1.0204081632652955
bottom,DIS3_IS150_R,GFP,minus35,6,0.4497866157226641,"[18, 24]",6313,22,1.111111111111111,1.1215007215007216,0.4734120087246896,False,gain,0.9350649350649556
bottom,DIS3_IS150_R,GFP,minus35,6,0.2913643113962878,"[144, 150]",6262,73,1.111111111111111,1.1176470588235294,0.3821544468420372,False,gain,0.588235294117665
bottom,DIS3_IS150_R,GFP,minus10,6,0.45135821497543094,"[111, 117]",6281,54,1.111111111111111,1.116867954911433,0.4734120087246896,False,gain,0.5181159420289938
top,DIS3_IS150_R,GFP,minus10,6,0.45135821497543094,"[32, 38]",6281,54,1.111111111111111,1.116867954911433,0.4734120087246896,False,gain,0.5181159420289938
top,DIS3_IS150_R,mScarlet,minus10,6,0.39618068754547264,"[108, 114]",6325,10,1.037037037037037,1.0416666666666665,0.4498414876190611,False,gain,0.44642857142856274
bottom,DIS3_IS150_R,mScarlet,minus35,6,0.43720043457028074,"[64, 70]",6317,18,1.037037037037037,1.0414529914529913,0.4734120087246896,False,gain,0.4258241758241672
top,DIS3_IS150_L,mScarlet,minus35,6,0.27338289463968884,"[15, 21]",3040,114,1.111111111111111,1.1126984126984127,0.3673318150886221,False,gain,0.14285714285716236
top,DIS3_IS150_L,mScarlet,minus35,6,0.3809316102394824,"[69, 75]",107,3047,1.111111111111111,1.1101190476190477,0.4424053328598035,False,loss,0.08936550491508245
top,DIS3_IS2_R,GFP,minus10,6,0.3888752024202242,"[28, 34]",4093,17,1.1325757575757576,1.1332244008714596,0.44297070301936303,False,gain,0.05727151507201806
bottom,DIS3_IS2_R,mScarlet,minus35,6,0.16093086000280038,"[104, 110]",4090,20,1.0,1.0,0.28861154231907177,False,gain,0.0
top,DIS3_IS2_R,mScarlet,minus35,6,0.3146643906226866,"[70, 76]",4093,17,1.0,1.0,0.4004819517016011,False,gain,0.0
top,DIS3_IS2_R,mScarlet,minus35,6,0.007148318110270406,"[63, 69]",4086,24,1.0,1.0,0.05003658856644165,False,gain,0.0
top,DIS3_IS2_R,mScarlet,minus35,6,0.010261487254769832,"[30, 36]",4032,78,1.0,1.0,0.05485963785402345,False,gain,0.0
top,DIS3_IS2_R,mScarlet,minus35,6,0.16042889370154056,"[11, 17]",486,3624,1.0,1.0,0.28861154231907177,False,loss,0.0
bottom,DIS3_IS2_R,mScarlet,minus35,6,0.02614689187643644,"[123, 129]",4076,34,1.0,1.0,0.09782544029632254,False,gain,0.0
top,DIS3_IS2_R,mScarlet,minus10,6,0.1633335135596498,"[134, 140]",4093,17,1.0,1.0,0.28916532664408623,False,gain,0.0
top,DIS3_IS2_R,mScarlet,minus10,6,0.22704834519226702,"[31, 37]",4096,14,1.0,1.0,0.33684433706624073,False,gain,0.0
bottom,DIS3_IS2_R,mScarlet,minus35,6,0.367920129245544,"[115, 121]",4097,13,1.0,1.0,0.4365823214822307,False,gain,0.0
top,DIS3_IS2_R,mScarlet,minus10,6,0.3338569213797923,"[28, 34]",4093,17,1.0,1.0,0.40586527697151215,False,gain,0.0
top,DIS3_IS2_R,mScarlet,minus10,6,0.04392622369100539,"[100, 106]",4097,13,1.0,1.0,0.14017633148453193,False,gain,0.0
bottom,DIS3_IS2_R,mScarlet,minus35,6,0.005620968980208576,"[45, 51]",359,3751,1.0,1.0,0.045166618216078876,True,loss,0.0
top,DIS3_IS2_R,mScarlet,minus10,6,0.1763219760164183,"[79, 85]",4085,25,1.0,1.0,0.29883669332435125,False,gain,0.0
top,DIS3_IS2_R,mScarlet,minus10,6,0.10765406061563515,"[61, 67]",4099,11,1.0,1.0,0.23672433307181956,False,gain,0.0
bottom,DIS3_IS2_R,mScarlet,minus35,6,0.010261487254769832,"[114, 120]",4032,78,1.0,1.0,0.05485963785402345,False,gain,0.0
top,DIS3_IS2_R,mScarlet,minus10,6,0.32203027213123286,"[49, 55]",4098,12,1.0,1.0,0.4030811948529058,False,gain,0.0
top,DIS3_IS2_R,mScarlet,minus10,6,0.06267561657608135,"[102, 108]",4077,33,1.0,1.0,0.17000760996262065,False,gain,0.0
bottom,DIS3_IS150_R,GFP,minus35,6,0.38222236686662614,"[19, 25]",6293,42,1.111111111111111,1.111111111111111,0.4424053328598035,False,gain,0.0
bottom,DIS3_IS2_R,mScarlet,minus35,6,0.3252490509412469,"[44, 50]",4098,12,1.0,1.0,0.4044644358409775,False,gain,0.0
bottom,DIS3_IS2_R,mScarlet,minus10,6,0.10765406061563515,"[82, 88]",4099,11,1.0,1.0,0.23672433307181956,False,gain,0.0
bottom,DIS3_IS150_R,GFP,minus10,6,0.1351389683518141,"[118, 124]",282,6053,1.111111111111111,1.111111111111111,0.2651451602623755,False,loss,0.0
bottom,DIS3_IS150_R,GFP,minus35,6,0.17991849020478784,"[77, 83]",568,5767,1.111111111111111,1.111111111111111,0.30081528887194436,False,loss,0.0
bottom,DIS3_IS150_R,GFP,minus35,6,0.15660839514773528,"[78, 84]",548,5787,1.111111111111111,1.111111111111111,0.28678499364606375,False,loss,0.0
bottom,DIS3_IS150_R,GFP,minus10,6,0.3847056290808686,"[78, 84]",6304,31,1.111111111111111,1.111111111111111,0.4424053328598035,False,gain,0.0
bottom,DIS3_IS150_R,GFP,minus35,6,0.40324391109409463,"[82, 88]",6324,11,1.111111111111111,1.111111111111111,0.44989166430549377,False,gain,0.0
bottom,DIS3_IS150_R,mScarlet,minus35,6,0.31253873624714074,"[27, 33]",6312,23,1.037037037037037,1.037037037037037,0.39894650450370317,False,gain,0.0
bottom,DIS3_IS2_R,mScarlet,minus10,6,0.1966540298182779,"[12, 18]",281,3829,1.0,1.0,0.31301989697025545,False,loss,0.0
bottom,DIS3_IS2_R,mScarlet,minus10,6,0.018525933998470637,"[14, 20]",4100,10,1.0,1.0,0.08040255355336257,False,gain,0.0
bottom,DIS3_IS2_R,mScarlet,minus10,6,0.010239753757466927,"[38, 44]",4093,17,1.0,1.0,0.05485963785402345,False,gain,0.0
bottom,DIS3_IS2_R,mScarlet,minus10,6,0.3085977089086732,"[64, 70]",4025,85,1.0,1.0,0.39624676232652123,False,gain,0.0
bottom,DIS3_IS2_R,mScarlet,minus10,6,0.21852685980676978,"[84, 90]",4095,15,1.0,1.0,0.3316106893571262,False,gain,0.0
bottom,DIS3_IS2_R,mScarlet,minus35,6,0.05320822169699847,"[37, 43]",4041,69,1.0,1.0,0.15292959083773072,False,gain,0.0
bottom,DIS3_IS2_R,mScarlet,minus10,6,0.008110107249570252,"[94, 100]",4096,14,1.0,1.0,0.05250151988990898,False,gain,0.0
bottom,DIS3_IS2_R,mScarlet,minus10,6,0.0018437973491643403,"[115, 121]",154,3956,1.0,1.0,0.017395827163854863,True,loss,0.0
bottom,DIS3_IS2_R,mScarlet,minus10,6,0.024619347872823213,"[117, 123]",4099,11,1.0,1.0,0.09609340993775554,False,gain,0.0
bottom,DIS3_IS2_R,mScarlet,minus10,6,0.06740046421430601,"[118, 124]",4098,12,1.0,1.0,0.17621567150005307,False,gain,0.0
bottom,DIS3_IS2_R,mScarlet,minus35,6,0.1804003045997642,"[5, 11]",317,3793,1.0,1.0,0.30081528887194436,False,loss,0.0
bottom,DIS3_IS2_R,mScarlet,minus35,6,0.22621861432219126,"[12, 18]",4099,11,1.0,1.0,0.33684433706624073,False,gain,0.0
bottom,DIS3_IS2_R,mScarlet,minus35,6,0.0669073659995688,"[30, 36]",3974,136,1.0,1.0,0.17598664753825974,False,gain,0.0
top,DIS3_IS2_R,mScarlet,minus35,6,0.050094634479191984,"[116, 122]",4084,26,1.0,1.0,0.14891144769842002,False,gain,0.0
top,DIS3_IS2_R,mScarlet,minus35,6,0.008226044591045647,"[109, 115]",4068,42,1.0,1.0,0.05250151988990898,False,gain,0.0
top,DIS3_IS2_R,mScarlet,minus35,6,0.0024463366591868253,"[99, 105]",267,3843,1.0,1.0,0.02166755326708331,True,loss,0.0
bottom,DIS3_IS2_R,mScarlet,minus10,6,0.06977722424098737,"[97, 103]",4097,13,1.0,1.0,0.17919121491472498,False,gain,0.0
bottom,DIS3_IS2_R,mScarlet,minus35,6,0.013865885214490408,"[144, 150]",4089,21,1.0,1.0,0.065946858463219,False,gain,0.0
top,DIS3_IS150_R,GFP,minus35,6,0.28785226793274316,"[86, 92]",345,5990,1.111111111111111,1.111111111111111,0.3797200130176612,False,loss,0.0
top,DIS3_IS150_R,mScarlet,minus10,6,0.48370662797914865,"[28, 34]",333,6002,1.037037037037037,1.037037037037037,0.4937029564449388,False,loss,0.0
top,DIS3_IS150_R,GFP,minus35,6,0.37861779036642945,"[67, 73]",523,5812,1.111111111111111,1.111111111111111,0.44172075542750106,False,loss,0.0
bottom,DIS3_IS150_L,mScarlet,minus35,6,0.479570096032334,"[75, 81]",296,2858,1.109722222222222,1.111111111111111,0.49088071150479473,False,loss,-0.12499999999999957
bottom,DIS3_IS150_R,mScarlet,minus35,6,0.11132223362440724,"[77, 83]",568,5767,1.0363756613756614,1.0377598926894702,0.23706295781653827,False,loss,-0.1333864724933083
top,DIS3_IS150_R,mScarlet,minus10,6,0.24908202895033527,"[120, 126]",6313,22,1.037037037037037,1.0351851851851852,0.34951431376926384,False,gain,-0.1785714285714208
bottom,DIS3_IS150_L,mScarlet,minus35,6,0.28442208987639134,"[90, 96]",3134,20,1.111111111111111,1.1085372960372961,0.37864781290292593,False,gain,-0.23164335664333405
bottom,dIS3_IS3_L,mScarlet,minus10,6,0.40140868871061086,"[132, 138]",2986,27,1.0444444444444445,1.0416666666666667,0.4498414876190611,False,gain,-0.2659574468085097
top,DIS3_IS150_R,mScarlet,minus35,6,0.11116732766349663,"[67, 73]",523,5812,1.0350877192982455,1.0381107155755043,0.23706295781653827,False,loss,-0.2912017217337838
top,DIS3_IS2_R,GFP,minus35,6,0.3321799952778518,"[99, 105]",267,3843,1.1296296296296295,1.1332244008714596,0.40586527697151215,False,loss,-0.3172161876381802
top,DIS3_IS150_R,mScarlet,minus35,6,0.41651161913219037,"[86, 92]",345,5990,1.0333333333333334,1.037037037037037,0.4595122977494769,False,loss,-0.3571428571428416
bottom,DIS3_IS150_R,mScarlet,minus35,6,0.08604281428581667,"[78, 84]",548,5787,1.03308809658555,1.0377598926894702,0.21217375795479793,False,loss,-0.4501808305399751
top,DIS3_IS150_R,GFP,minus35,6,0.32908753801572443,"[76, 82]",6317,18,1.111111111111111,1.1056808688387636,0.40586527697151215,False,gain,-0.4887218045112608
bottom,DIS3_IS2_R,GFP,minus10,6,0.24015372306944877,"[115, 121]",154,3956,1.1268956289027654,1.1330804544039839,0.34418022522972813,False,loss,-0.5458416899858859
top,dIS3_IS3_L,mScarlet,minus10,6,0.10398469789579795,"[39, 45]",249,2764,1.0416666666666667,1.0476190476190477,0.23627936589935242,False,loss,-0.5681818181818161
bottom,DIS3_IS150_L,mScarlet,minus35,6,0.30551409450021166,"[74, 80]",285,2869,1.1041666666666667,1.111111111111111,0.3958003492928115,False,loss,-0.6249999999999779
bottom,DIS3_IS150_R,GFP,minus35,6,0.21225048654993067,"[4, 10]",6321,14,1.111111111111111,1.1041666666666665,0.32665500412294296,False,gain,-0.6249999999999979
bottom,DIS3_IS150_R,mScarlet,minus10,6,0.4769449164031351,"[118, 124]",282,6053,1.0303030303030305,1.037037037037037,0.4907938136964091,False,loss,-0.649350649350625
top,DIS3_IS150_R,mScarlet,minus35,6,0.40892657297511964,"[119, 125]",6321,14,1.037037037037037,1.0303030303030303,0.45389803752225555,False,gain,-0.6493506493506465
bottom,DIS3_IS150_R,mScarlet,minus35,6,0.04018622336172936,"[105, 111]",430,5905,1.0303030303030305,1.0377598926894702,0.13201023848192572,False,loss,-0.7185537270200753
bottom,DIS3_IS2_R,GFP,minus10,6,0.3521930730461673,"[14, 20]",4100,10,1.1330804544039839,1.124771062271062,0.423412170919769,False,gain,-0.7333452889973879
bottom,DIS3_IS2_R,GFP,minus10,6,0.2343318286352512,"[12, 18]",281,3829,1.125,1.1333333333333333,0.3409646837913813,False,loss,-0.7352941176470562
bottom,DIS3_IS150_L,GFP,minus35,6,0.3873595080339293,"[56, 62]",3135,19,1.142857142857143,1.1333333333333333,0.4424053328598035,False,gain,-0.8333333333333496
bottom,dIS3_IS3_L,GFP,minus10,6,0.005747831888288186,"[142, 148]",245,2768,1.111111111111111,1.121212121212121,0.045166618216078876,True,loss,-0.9009009009009068
bottom,DIS3_IS150_L,mScarlet,minus35,6,0.12703915015609518,"[76, 82]",304,2850,1.1006410256410257,1.111111111111111,0.25753563582573047,False,loss,-0.9423076923076691
bottom,DIS3_IS2_R,GFP,minus35,6,0.2402917240659162,"[16, 22]",385,3725,1.1222222222222225,1.1333333333333333,0.34418022522972813,False,loss,-0.980392156862722
bottom,dIS3_IS3_R,mScarlet,minus35,6,0.2450637530128239,"[144, 150]",1914,11,1.0099702380952382,1.0,0.34531710651807,False,gain,-0.9871813761603194
bottom,DIS3_IS150_R,mScarlet,minus35,6,0.3985360575253295,"[26, 32]",6257,78,1.037037037037037,1.0267094017094016,0.4498414876190611,False,gain,-0.9958791208791244
bottom,DIS3_IS150_L,mScarlet,minus10,6,0.383528600315594,"[86, 92]",143,3011,1.099206349206349,1.111111111111111,0.4424053328598035,False,loss,-1.0714285714285678
bottom,dIS3_IS3_R,mScarlet,minus35,6,0.2960586836366878,"[121, 127]",1910,15,1.010955459770115,1.0,0.3858542603553229,False,gain,-1.0836738319417278
bottom,dIS3_IS3_R,mScarlet,minus35,6,0.11114374204550587,"[47, 53]",195,1730,1.0,1.010955459770115,0.23706295781653827,False,loss,-1.0836738319417278
top,dIS3_IS3_R,mScarlet,minus10,6,0.042141149813278635,"[7, 13]",1907,18,1.011494252873563,1.0,0.13547599273305871,False,gain,-1.136363636363624
bottom,dIS3_IS3_R,mScarlet,minus10,6,0.28175412763871516,"[138, 144]",1911,14,1.011494252873563,1.0,0.37625012736985347,False,gain,-1.136363636363624
bottom,dIS3_IS3_R,mScarlet,minus35,6,0.1239416161520211,"[105, 111]",1914,11,1.011494252873563,1.0,0.2549320445970481,False,gain,-1.136363636363624
bottom,dIS3_IS3_R,mScarlet,minus10,6,0.3080199559290152,"[14, 20]",54,1871,1.0,1.011494252873563,0.39624676232652123,False,loss,-1.136363636363624
bottom,dIS3_IS3_R,mScarlet,minus35,6,0.03846177262345235,"[140, 146]",1909,16,1.011494252873563,1.0,0.12840314860444862,False,gain,-1.136363636363624
bottom,DIS3_IS150_R,mScarlet,minus35,6,0.059081850091908396,"[79, 85]",6170,165,1.0384615384615383,1.0266233766233763,0.16650339571356002,False,gain,-1.1399711399711556
bottom,dIS3_IS3_R,mScarlet,minus35,6,0.02567012778443791,"[54, 60]",1909,16,1.011904761904762,1.0,0.09687683007344394,False,gain,-1.1764705882353117
bottom,dIS3_IS3_R,mScarlet,minus10,6,0.007263375759644757,"[103, 109]",1912,13,1.0119764773379232,1.0,0.05003658856644165,False,gain,-1.183473885621152
top,dIS3_IS3_R,mScarlet,minus10,6,0.01765476231388313,"[27, 33]",1902,23,1.0119764773379232,1.0,0.07881258124522297,False,gain,-1.183473885621152
top,DIS3_IS150_R,mScarlet,minus35,6,0.4484543955811245,"[17, 23]",6319,16,1.037037037037037,1.0246913580246915,0.4734120087246896,False,gain,-1.1904761904761745
top,dIS3_IS3_R,mScarlet,minus35,6,0.017796389313437445,"[29, 35]",1907,18,1.0120481927710845,1.0,0.07881258124522297,False,gain,-1.1904761904762051
top,dIS3_IS3_R,mScarlet,minus10,6,0.03689309001832643,"[5, 11]",1884,41,1.012196935891715,1.0,0.12509063334338805,False,gain,-1.2049963262307226
top,DIS3_IS150_L,mScarlet,minus10,6,0.21462149533046926,"[62, 68]",3102,52,1.111111111111111,1.0976190476190477,0.3279779189205058,False,gain,-1.2142857142856902
bottom,dIS3_IS3_R,GFP,minus35,6,0.47704050171528445,"[144, 150]",1914,11,1.1810185185185185,1.1666666666666667,0.4907938136964091,False,gain,-1.2152097216777629
bottom,dIS3_IS3_R,GFP,minus35,6,0.16942057740797783,"[121, 127]",1910,15,1.1810185185185185,1.1666666666666667,0.29411412238024953,False,gain,-1.2152097216777629
top,dIS3_IS3_R,GFP,minus10,6,0.4010158452447908,"[27, 33]",1902,23,1.1810185185185185,1.1666666666666667,0.4498414876190611,False,gain,-1.2152097216777629
bottom,dIS3_IS3_R,mScarlet,minus35,6,0.031397018206248135,"[139, 145]",1898,27,1.0124343527957986,1.0,0.11355254917926408,False,gain,-1.2281638568922166
bottom,DIS3_IS150_L,mScarlet,minus10,6,0.45629086866876284,"[19, 25]",3142,12,1.111111111111111,1.097222222222222,0.47603422356308434,False,gain,-1.2499999999999958
top,dIS3_IS3_R,GFP,minus10,6,0.4159624348671027,"[63, 69]",1914,11,1.1816179337231967,1.1666666666666667,0.4595122977494769,False,gain,-1.265321609449471
bottom,dIS3_IS3_R,GFP,minus35,6,0.13400478917651,"[48, 54]",193,1732,1.1666666666666667,1.1820018542290684,0.2651451602623755,False,loss,-1.2973911595429524
bottom,dIS3_IS3_R,mScarlet,minus35,6,0.15325298687406635,"[131, 137]",119,1806,1.0,1.0132129774986918,0.28332042231393667,False,loss,-1.3040671400903794
bottom,dIS3_IS3_R,GFP,minus10,6,0.3784126832551906,"[138, 144]",1911,14,1.1805555555555556,1.1642947142947142,0.44172075542750106,False,gain,-1.377388906800681
top,dIS3_IS3_R,mScarlet,minus35,6,0.15842026285320637,"[44, 50]",197,1728,1.0,1.0140490979000296,0.2884127818588684,False,loss,-1.3854455301152147
bottom,DIS3_IS150_L,GFP,minus35,6,0.44223308028096614,"[75, 81]",296,2858,1.1284508135380689,1.1444444444444446,0.4734120087246896,False,loss,-1.3975017296833163
bottom,DIS3_IS150_R,GFP,minus10,6,0.18112652163121307,"[106, 112]",6320,15,1.111111111111111,1.0952380952380951,0.30081528887194436,False,gain,-1.4285714285714237
top,DIS3_IS150_R,GFP,minus10,6,0.18112652163121307,"[37, 43]",6320,15,1.111111111111111,1.0952380952380951,0.30081528887194436,False,gain,-1.4285714285714237
top,DIS3_IS150_R,GFP,minus10,6,0.4052761880494404,"[25, 31]",6306,29,1.111111111111111,1.0952380952380951,0.45099965541912085,False,gain,-1.4285714285714237
bottom,dIS3_IS3_R,mScarlet,minus35,6,0.13103141835487753,"[100, 106]",156,1769,1.0,1.0144927536231885,0.26206283670975505,False,loss,-1.4285714285714348
bottom,DIS3_IS150_R,GFP,minus35,6,0.0003338712808790833,"[105, 111]",430,5905,1.0952380952380951,1.1116402116402118,0.004996556410397315,True,loss,-1.475487862922439
top,dIS3_IS3_R,mScarlet,minus35,6,0.0005672429674635188,"[25, 31]",1863,62,1.0151515151515151,1.0,0.007268490639259757,True,gain,-1.4925373134328346
top,dIS3_IS3_R,mScarlet,minus35,6,0.009316860564685314,"[24, 30]",218,1707,1.0,1.0151515151515151,0.05428954764108143,False,loss,-1.4925373134328346
top,dIS3_IS3_R,mScarlet,minus35,6,0.0023930770373196907,"[97, 103]",76,1849,1.0,1.0151515151515151,0.02163740487909887,True,loss,-1.4925373134328346
bottom,DIS3_IS150_L,mScarlet,minus10,6,0.4772234778338356,"[132, 138]",3144,10,1.111111111111111,1.0944444444444446,0.4907938136964091,False,gain,-1.499999999999975
top,DIS3_IS150_L,mScarlet,minus35,6,0.4772234778338356,"[13, 19]",3144,10,1.111111111111111,1.0944444444444446,0.4907938136964091,False,gain,-1.499999999999975
top,dIS3_IS3_R,mScarlet,minus10,6,0.005932021286443538,"[45, 51]",171,1754,1.0,1.0158730158730158,0.045166618216078876,True,loss,-1.5624999999999944
top,DIS3_IS150_L,GFP,minus35,6,0.4464532095035345,"[30, 36]",3141,13,1.142857142857143,1.125,0.4734120087246896,False,gain,-1.5625000000000135
bottom,dIS3_IS3_R,mScarlet,minus10,6,0.00015052096198161304,"[116, 122]",89,1836,1.0,1.0164835164835164,0.0028402651086965242,True,loss,-1.6216216216216157
top,dIS3_IS3_R,GFP,minus10,6,0.22818487349648564,"[5, 11]",1884,41,1.1827229097414127,1.1633597883597884,0.33684433706624073,False,gain,-1.6371646496522019
bottom,DIS3_IS150_R,mScarlet,minus35,6,0.26311755347830706,"[144, 150]",6262,73,1.037037037037037,1.0196078431372548,0.3576489891635903,False,gain,-1.6806722689075644
top,DIS3_IS150_L,GFP,minus35,6,0.07971730961185242,"[81, 87]",240,2914,1.125,1.1444444444444446,0.2011471649508369,False,loss,-1.6990291262136052
top,DIS3_IS150_R,mScarlet,minus35,6,0.00801487506912345,"[120, 126]",462,5873,1.0215277777777776,1.03921568627451,0.05250151988990898,False,loss,-1.7020440251572795
top,DIS3_IS2_R,GFP,minus35,6,0.32080069921631726,"[11, 17]",486,3624,1.1132692843219156,1.1333333333333333,0.4030811948529058,False,loss,-1.7703572657133242
top,DIS3_IS150_L,mScarlet,minus35,6,0.4975370260194163,"[118, 124]",3132,22,1.111111111111111,1.0910493827160495,0.4986860722688838,False,gain,-1.8055555555555338
bottom,DIS3_IS150_R,GFP,minus10,6,0.44864958079969924,"[59, 65]",6292,43,1.111111111111111,1.0909090909090908,0.4734120087246896,False,gain,-1.8181818181818101
bottom,DIS3_IS150_R,GFP,minus10,6,0.15979694800240435,"[79, 85]",6318,17,1.111111111111111,1.0906697638404956,0.28861154231907177,False,gain,-1.8397212543553778
top,DIS3_IS150_L,mScarlet,minus35,6,0.048662927602643395,"[81, 87]",240,2914,1.090373450838567,1.111111111111111,0.14747560656685152,False,loss,-1.8663894245289585
bottom,DIS3_IS150_L,mScarlet,minus10,6,0.4020515704206431,"[141, 147]",3139,15,1.111111111111111,1.090038314176245,0.4498414876190611,False,gain,-1.8965517241379273
top,dIS3_IS3_L,GFP,minus35,6,0.09552792083236089,"[141, 147]",2915,98,1.119047619047619,1.0976190476190477,0.22437856415166618,False,gain,-1.9148936170212696
bottom,dIS3_IS3_R,mScarlet,minus35,6,0.0004966467497414469,"[48, 54]",193,1732,1.0,1.0196078431372548,0.0069530544963802565,True,loss,-1.9230769230769162
bottom,DIS3_IS2_R,GFP,minus10,6,0.3670735960713273,"[97, 103]",4097,13,1.132936507936508,1.111111111111111,0.4365823214822307,False,gain,-1.9264448336252318
bottom,DIS3_IS2_R,GFP,minus35,6,0.4973620229445138,"[111, 117]",4077,33,1.1332244008714596,1.111111111111111,0.4986860722688838,False,gain,-1.951360184562152
bottom,DIS3_IS2_R,GFP,minus35,6,0.10959079876780553,"[45, 51]",359,3751,1.1111111111111112,1.1333333333333333,0.23706295781653827,False,loss,-1.9607843137254832
top,DIS3_IS2_R,GFP,minus10,6,0.3466709191657712,"[79, 85]",4085,25,1.1333333333333333,1.111111111111111,0.4190952058995674,False,gain,-1.960784313725503
bottom,DIS3_IS2_R,GFP,minus10,6,0.1767604544736266,"[64, 70]",4025,85,1.1333333333333333,1.111111111111111,0.29883669332435125,False,gain,-1.960784313725503
bottom,DIS3_IS2_R,GFP,minus35,6,0.10710299928940314,"[5, 11]",317,3793,1.111111111111111,1.1333333333333333,0.23672433307181956,False,loss,-1.960784313725503
bottom,DIS3_IS150_L,GFP,minus35,6,0.23037793701525544,"[74, 80]",285,2869,1.1222222222222225,1.1447163947163947,0.3389288971682063,False,loss,-1.9650432716782449
bottom,DIS3_IS150_R,GFP,minus10,6,0.2637043238072555,"[0, 6]",6298,37,1.111111111111111,1.0888888888888888,0.3576489891635903,False,gain,-1.9999999999999931
bottom,DIS3_IS150_R,GFP,minus35,6,0.1625834463520348,"[83, 89]",6303,32,1.111111111111111,1.0885198135198135,0.28916532664408623,False,gain,-2.0332167832167674
top,DIS3_IS150_R,GFP,minus35,6,0.1768107195179176,"[61, 67]",6305,30,1.111111111111111,1.0885198135198135,0.29883669332435125,False,gain,-2.0332167832167674
bottom,dIS3_IS3_L,GFP,minus35,6,0.02131613690998095,"[78, 84]",168,2845,1.0983766233766232,1.121212121212121,0.08828162189730009,False,loss,-2.0366795366795403
bottom,DIS3_IS150_R,GFP,minus10,6,0.009191721941408038,"[80, 86]",387,5948,1.0883190883190883,1.1111111111111112,0.05428954764108143,False,loss,-2.0512820512820573
top,DIS3_IS2_R,GFP,minus35,6,0.2586957689704096,"[109, 115]",4068,42,1.1332788671023963,1.1068376068376067,0.3553858207823636,False,gain,-2.3331645045491336
bottom,dIS3_IS3_L,GFP,minus35,6,0.20729935102357805,"[58, 64]",238,2775,1.0948412698412697,1.121212121212121,0.3224656571477881,False,loss,-2.351994851994853
bottom,DIS3_IS150_R,GFP,minus35,6,0.07605256306640472,"[79, 85]",6170,165,1.111111111111111,1.0849673202614378,0.19302229456619677,False,gain,-2.3529411764705803
bottom,DIS3_IS150_R,GFP,minus10,6,0.299311513941807,"[138, 144]",6287,48,1.111111111111111,1.0848039215686276,0.38892573967288696,False,gain,-2.3676470588235015
bottom,dIS3_IS3_L,mScarlet,minus10,6,0.2935103871341943,"[76, 82]",3001,12,1.0444444444444445,1.019607843137255,0.3836852651091576,False,gain,-2.3779724655819687
bottom,DIS3_IS150_R,mScarlet,minus10,6,0.45159578712447346,"[57, 63]",6298,37,1.037037037037037,1.0123456790123455,0.4734120087246896,False,gain,-2.3809523809523916
top,DIS3_IS150_R,mScarlet,minus10,6,0.45159578712447346,"[86, 92]",6298,37,1.037037037037037,1.0123456790123455,0.4734120087246896,False,gain,-2.3809523809523916
top,DIS3_IS150_R,GFP,minus10,6,0.2356898735885124,"[13, 19]",6287,48,1.111111111111111,1.0842304846466888,0.3409646837913813,False,gain,-2.419256381797992
bottom,dIS3_IS3_L,mScarlet,minus35,6,0.11810851321255039,"[78, 84]",168,2845,1.022222222222222,1.0476190476190477,0.24525882647965008,False,loss,-2.424242424242458
bottom,DIS3_IS2_R,GFP,minus10,6,0.37858264088083193,"[94, 100]",4096,14,1.1330804544039839,1.1055555555555556,0.44172075542750106,False,gain,-2.429209571257384
bottom,DIS3_IS150_L,mScarlet,minus35,6,0.006674506436979111,"[96, 102]",141,3013,1.0833333333333333,1.111111111111111,0.0482789298941489,True,loss,-2.4999999999999916
bottom,DIS3_IS150_R,GFP,minus35,6,0.2428723860077151,"[26, 32]",6257,78,1.111111111111111,1.0833333333333333,0.34446606381486394,False,gain,-2.4999999999999916
bottom,DIS3_IS150_R,GFP,minus35,6,0.3317735673954497,"[114, 120]",6318,17,1.111111111111111,1.0833333333333333,0.40586527697151215,False,gain,-2.4999999999999916
top,DIS3_IS150_R,GFP,minus10,6,0.02563029790956332,"[28, 34]",333,6002,1.0833333333333333,1.111111111111111,0.09687683007344394,False,loss,-2.4999999999999916
top,DIS3_IS150_R,GFP,minus10,6,0.3354587178151378,"[51, 57]",6316,19,1.111111111111111,1.0833333333333333,0.40667341768650783,False,gain,-2.4999999999999916
top,DIS3_IS150_L,mScarlet,minus35,6,0.05479401205619262,"[101, 107]",342,2812,1.0833333333333333,1.111111111111111,0.15645132389728683,False,loss,-2.4999999999999916
bottom,DIS3_IS150_R,GFP,minus10,6,0.3317735673954497,"[115, 121]",6318,17,1.111111111111111,1.0833333333333333,0.40586527697151215,False,gain,-2.4999999999999916
bottom,DIS3_IS150_L,mScarlet,minus35,6,0.46844820562263007,"[56, 62]",3135,19,1.111111111111111,1.0833333333333333,0.48637923741679767,False,gain,-2.4999999999999916
bottom,dIS3_IS3_L,mScarlet,minus35,6,0.07080755035396319,"[66, 72]",157,2856,1.0208333333333333,1.0476190476190477,0.18076751090364718,False,loss,-2.5568181818181936
bottom,DIS3_IS150_R,GFP,minus10,6,0.25932365970322235,"[27, 33]",6303,32,1.111111111111111,1.082396454958795,0.3553858207823636,False,gain,-2.5843190537084353
bottom,DIS3_IS150_R,mScarlet,minus10,6,0.001200861540828215,"[80, 86]",387,5948,1.011904761904762,1.03921568627451,0.012120323458591752,True,loss,-2.628032345013488
top,DIS3_IS150_L,mScarlet,minus10,6,0.454069306815845,"[0, 6]",3137,17,1.111111111111111,1.0810457516339869,0.47485802206765476,False,gain,-2.7058823529411673
bottom,dIS3_IS3_R,GFP,minus35,6,0.4021624359359348,"[143, 149]",1906,19,1.1810185185185185,1.1485380116959063,0.4498414876190611,False,gain,-2.7502114753760205
bottom,DIS3_IS150_R,GFP,minus10,6,0.0009251068747847223,"[108, 114]",471,5864,1.0833333333333333,1.1140896140896142,0.010294779068117165,True,loss,-2.7606648843426838
top,dIS3_IS3_L,mScarlet,minus35,6,0.12028631941714457,"[120, 126]",2993,20,1.0444444444444445,1.0151515151515151,0.2485917267954321,False,gain,-2.8046421663443013
top,dIS3_IS3_L,mScarlet,minus35,6,0.1540636397836153,"[60, 66]",3001,12,1.0444444444444445,1.0151515151515151,0.28332042231393667,False,gain,-2.8046421663443013
top,DIS3_IS2_R,GFP,minus35,6,0.10799865886686699,"[63, 69]",4086,24,1.1332788671023963,1.1009615384615383,0.23672433307181956,False,gain,-2.851666044341583
top,DIS3_IS150_L,GFP,minus10,6,0.4277654083427845,"[43, 49]",147,3007,1.111111111111111,1.1439393939393938,0.46763271340243945,False,loss,-2.8697571743929404
bottom,DIS3_IS150_L,GFP,minus10,6,0.18197596516311781,"[86, 92]",143,3011,1.111111111111111,1.1444444444444446,0.30081528887194436,False,loss,-2.912621359223329
top,DIS3_IS2_R,GFP,minus35,6,0.38634252229909144,"[116, 122]",4084,26,1.1332788671023963,1.1001984126984126,0.4424053328598035,False,gain,-2.919003906652291
top,DIS3_IS150_L,GFP,minus35,6,0.44521994532970866,"[118, 124]",3132,22,1.142857142857143,1.1083333333333334,0.4734120087246896,False,gain,-3.0208333333333415
top,dIS3_IS3_L,GFP,minus10,6,0.008365783545547801,"[39, 45]",249,2764,1.0909090909090908,1.125,0.05261956606909776,False,loss,-3.0303030303030374
bottom,DIS3_IS150_R,GFP,minus35,6,0.18700467851587244,"[113, 119]",6301,34,1.111111111111111,1.0765873015873015,0.30465531984253164,False,gain,-3.1071428571428465
bottom,dIS3_IS3_L,GFP,minus35,6,0.06396385249306533,"[19, 25]",2983,30,1.119047619047619,1.0833333333333333,0.17135995050611327,False,gain,-3.1914893617021365
bottom,DIS3_IS150_L,mScarlet,minus35,6,0.04638645281761813,"[42, 48]",3078,76,1.111111111111111,1.0754985754985755,0.14177267973835397,False,gain,-3.2051282051281875
bottom,DIS3_IS150_L,GFP,minus35,6,0.04893199849222723,"[76, 82]",304,2850,1.111111111111111,1.149917422165999,0.14747560656685152,False,loss,-3.3747041576074137
top,DIS3_IS150_L,mScarlet,minus10,6,0.00618076418094019,"[43, 49]",147,3007,1.073469387755102,1.111111111111111,0.04624916645738004,True,loss,-3.3877551020408023
top,DIS3_IS150_L,GFP,minus35,6,0.21396389107115094,"[69, 75]",107,3047,1.105454320644194,1.1444444444444446,0.3279779189205058,False,loss,-3.4069040213811177
top,dIS3_IS3_R,GFP,minus35,6,0.02352305726043762,"[24, 30]",218,1707,1.1505446623093678,1.1923076923076923,0.0932134347577986,False,loss,-3.502705741794957
top,DIS3_IS150_R,GFP,minus35,6,0.24482838149930441,"[57, 63]",6317,18,1.111111111111111,1.071794871794872,0.34531710651807,False,gain,-3.5384615384615064
top,DIS3_IS150_R,mScarlet,minus10,6,0.045376758470407216,"[68, 74]",6325,10,1.037037037037037,1.0,0.14148028528903903,False,gain,-3.5714285714285663
top,DIS3_IS150_R,mScarlet,minus10,6,0.02551890501440676,"[63, 69]",6321,14,1.037037037037037,1.0,0.09687683007344394,False,gain,-3.5714285714285663
bottom,DIS3_IS150_R,mScarlet,minus10,6,0.10599766149556766,"[115, 121]",6318,17,1.037037037037037,1.0,0.23672433307181956,False,gain,-3.5714285714285663
bottom,DIS3_IS150_R,mScarlet,minus10,6,0.12619281396902277,"[92, 98]",6314,21,1.037037037037037,1.0,0.25753563582573047,False,gain,-3.5714285714285663
bottom,DIS3_IS150_R,mScarlet,minus10,6,0.14658966745722007,"[79, 85]",6318,17,1.037037037037037,1.0,0.2766958832841952,False,gain,-3.5714285714285663
bottom,DIS3_IS150_R,mScarlet,minus35,6,0.049493845055340824,"[108, 114]",6311,24,1.037037037037037,1.0,0.14814019830357184,False,gain,-3.5714285714285663
bottom,DIS3_IS150_R,mScarlet,minus35,6,0.16559847852147064,"[18, 24]",6313,22,1.037037037037037,1.0,0.28979733741257363,False,gain,-3.5714285714285663
bottom,DIS3_IS150_R,mScarlet,minus10,6,0.08948497337475425,"[59, 65]",6292,43,1.037037037037037,1.0,0.2169635667298511,False,gain,-3.5714285714285663
bottom,DIS3_IS150_R,mScarlet,minus10,6,0.15364536685759306,"[27, 33]",6303,32,1.037037037037037,1.0,0.28332042231393667,False,gain,-3.5714285714285663
bottom,DIS3_IS150_R,mScarlet,minus10,6,0.12754054905617462,"[21, 27]",6324,11,1.037037037037037,1.0,0.25753563582573047,False,gain,-3.5714285714285663
bottom,DIS3_IS150_R,mScarlet,minus35,6,0.33350864325035134,"[83, 89]",6303,32,1.037037037037037,1.0,0.40586527697151215,False,gain,-3.5714285714285663
bottom,DIS3_IS150_R,mScarlet,minus10,6,0.1714918242178552,"[13, 19]",6320,15,1.037037037037037,1.0,0.29534703059741724,False,gain,-3.5714285714285663
bottom,DIS3_IS150_R,mScarlet,minus35,6,0.17643852433507307,"[19, 25]",6293,42,1.037037037037037,1.0,0.29883669332435125,False,gain,-3.5714285714285663
top,DIS3_IS150_R,mScarlet,minus10,6,0.06808354122040915,"[51, 57]",6316,19,1.037037037037037,1.0,0.17693566999794952,False,gain,-3.5714285714285663
bottom,DIS3_IS150_R,mScarlet,minus35,6,0.09283592872128099,"[47, 53]",6325,10,1.037037037037037,1.0,0.22383773925019973,False,gain,-3.5714285714285663
bottom,DIS3_IS150_R,mScarlet,minus35,6,0.24252469027229873,"[111, 117]",6325,10,1.037037037037037,1.0,0.34446606381486394,False,gain,-3.5714285714285663
bottom,DIS3_IS150_R,mScarlet,minus35,6,0.01036988718931167,"[58, 64]",6323,12,1.037037037037037,1.0,0.05485963785402345,False,gain,-3.5714285714285663
bottom,DIS3_IS150_R,mScarlet,minus35,6,0.02285440166671437,"[82, 88]",6324,11,1.037037037037037,1.0,0.09269916190050502,False,gain,-3.5714285714285663
bottom,DIS3_IS150_R,mScarlet,minus35,6,0.2269910694086002,"[59, 65]",6297,38,1.037037037037037,1.0,0.33684433706624073,False,gain,-3.5714285714285663
top,DIS3_IS150_R,mScarlet,minus10,6,0.20908215029299276,"[57, 63]",6296,39,1.037037037037037,1.0,0.32292403283686427,False,gain,-3.5714285714285663
bottom,DIS3_IS150_R,mScarlet,minus35,6,0.3771181088677479,"[65, 71]",6309,26,1.037037037037037,1.0,0.44172075542750106,False,gain,-3.5714285714285663
bottom,DIS3_IS150_R,mScarlet,minus35,6,0.01036988718931167,"[57, 63]",6323,12,1.037037037037037,1.0,0.05485963785402345,False,gain,-3.5714285714285663
bottom,DIS3_IS150_R,mScarlet,minus10,6,0.22152682640165172,"[120, 126]",6297,38,1.037037037037037,1.0,0.33499178626591236,False,gain,-3.5714285714285663
bottom,DIS3_IS150_R,mScarlet,minus35,6,0.24252469027229873,"[112, 118]",6325,10,1.037037037037037,1.0,0.34446606381486394,False,gain,-3.5714285714285663
top,DIS3_IS150_R,mScarlet,minus35,6,0.1512503198304203,"[93, 99]",6309,26,1.037037037037037,1.0,0.28172806354679153,False,gain,-3.5714285714285663
top,DIS3_IS150_R,mScarlet,minus35,6,0.3749242646884049,"[61, 67]",6305,30,1.037037037037037,1.0,0.44172075542750106,False,gain,-3.5714285714285663
top,DIS3_IS150_R,mScarlet,minus35,6,0.13723722612669748,"[76, 82]",6317,18,1.037037037037037,1.0,0.26589712562047635,False,gain,-3.5714285714285663
top,DIS3_IS150_R,mScarlet,minus35,6,0.039881017162706124,"[7, 13]",6316,19,1.037037037037037,1.0,0.13201023848192572,False,gain,-3.5714285714285663
top,DIS3_IS150_R,mScarlet,minus35,6,0.034939780960821454,"[39, 45]",6324,11,1.037037037037037,1.0,0.1213109194959721,False,gain,-3.5714285714285663
bottom,DIS3_IS150_R,mScarlet,minus35,6,0.37224668120296844,"[138, 144]",6318,17,1.037037037037037,1.0,0.44020452218552675,False,gain,-3.5714285714285663
bottom,DIS3_IS150_R,mScarlet,minus35,6,0.18960262345619183,"[126, 132]",6325,10,1.037037037037037,1.0,0.30465531984253164,False,gain,-3.5714285714285663
bottom,DIS3_IS150_R,mScarlet,minus35,6,0.26769191574617957,"[113, 119]",6301,34,1.037037037037037,1.0,0.3608021473100681,False,gain,-3.5714285714285663
bottom,DIS3_IS150_R,mScarlet,minus35,6,0.19023408220582044,"[118, 124]",6318,17,1.037037037037037,1.0,0.30465531984253164,False,gain,-3.5714285714285663
bottom,DIS3_IS150_R,mScarlet,minus35,6,0.10599766149556766,"[114, 120]",6318,17,1.037037037037037,1.0,0.23672433307181956,False,gain,-3.5714285714285663
top,DIS3_IS150_R,mScarlet,minus10,6,0.01256684815330294,"[40, 46]",6322,13,1.037077737077737,1.0,0.06128103481498288,False,gain,-3.5752129037321945
bottom,DIS3_IS150_R,mScarlet,minus10,6,0.01256684815330294,"[103, 109]",6322,13,1.037077737077737,1.0,0.06128103481498288,False,gain,-3.5752129037321945
bottom,DIS3_IS150_R,mScarlet,minus35,6,0.030001978861675327,"[4, 10]",6321,14,1.037118437118437,1.0,0.1112893916749324,False,gain,-3.5789969390157634
top,DIS3_IS150_R,mScarlet,minus35,6,0.019051250536261444,"[57, 63]",6317,18,1.037118437118437,1.0,0.08186378943304423,False,gain,-3.5789969390157634
top,DIS3_IS150_R,mScarlet,minus10,6,0.013979518383908174,"[25, 31]",6306,29,1.0374391649039536,1.0,0.065946858463219,False,gain,-3.6088058144035586
bottom,DIS3_IS150_R,mScarlet,minus10,6,0.14178467099374703,"[133, 139]",6306,29,1.0374391649039536,1.0,0.2722767575720629,False,gain,-3.6088058144035586
bottom,DIS3_IS150_R,mScarlet,minus10,6,0.06866915513227748,"[0, 6]",6298,37,1.0374391649039536,1.0,0.17739531742505016,False,gain,-3.6088058144035586
top,DIS3_IS150_R,mScarlet,minus10,6,0.007743118786787696,"[88, 94]",6305,30,1.0377598926894702,1.0,0.05250151988990898,False,gain,-3.6385962644606793
top,DIS3_IS150_R,mScarlet,minus35,6,0.006310072025149211,"[28, 34]",6313,22,1.0377598926894702,1.0,0.04641646201550437,True,gain,-3.6385962644606793
top,DIS3_IS150_R,mScarlet,minus10,6,0.18513729023051034,"[13, 19]",6287,48,1.0377598926894702,1.0,0.30320597720770376,False,gain,-3.6385962644606793
bottom,DIS3_IS150_R,mScarlet,minus10,6,0.011144378041523096,"[55, 61]",6220,115,1.0384615384615383,1.0,0.05757928654786933,False,gain,-3.703703703703691
bottom,DIS3_IS150_R,GFP,minus35,6,0.08172675939696222,"[47, 53]",6325,10,1.111111111111111,1.0694444444444444,0.20502551201318847,False,gain,-3.7499999999999876
top,dIS3_IS3_L,GFP,minus35,6,0.44187595720373635,"[121, 127]",2998,15,1.117215829298455,1.0751633986928104,0.4734120087246896,False,gain,-3.7640382012892792
bottom,DIS3_IS150_L,GFP,minus35,6,0.14563537377630936,"[42, 48]",3078,76,1.1441919191919192,1.1010101010101008,0.2766958832841952,False,gain,-3.774001324211013
top,DIS3_IS150_L,GFP,minus35,6,0.2086276777402863,"[15, 21]",3040,114,1.1444444444444446,1.100865800865801,0.32292403283686427,False,gain,-3.8078426427941006
top,DIS3_IS150_L,GFP,minus35,6,0.0008791579884214645,"[101, 107]",342,2812,1.111111111111111,1.1555228758169935,0.010040909657234622,True,loss,-3.8434344862694285
bottom,dIS3_IS3_L,GFP,minus35,6,0.000807996650254458,"[107, 113]",358,2655,1.0833333333333333,1.126984126984127,0.00974084850584541,True,loss,-3.8732394366197243
bottom,DIS3_IS2_R,GFP,minus35,6,0.0962626045088047,"[30, 36]",3974,136,1.1333333333333333,1.0888888888888888,0.22437856415166618,False,gain,-3.921568627450986
bottom,DIS3_IS150_R,mScarlet,minus10,6,7.562199506425727e-06,"[108, 114]",471,5864,1.0,1.0416666666666667,0.00023442818469919755,True,loss,-4.000000000000007
bottom,DIS3_IS150_R,GFP,minus35,6,0.17047109516019,"[108, 114]",6311,24,1.111111111111111,1.0654761904761905,0.29475878605387434,False,gain,-4.107142857142843
bottom,dIS3_IS3_L,GFP,minus10,6,0.012244036938969272,"[68, 74]",204,2809,1.075220458553792,1.1215277777777777,0.0610794486380766,False,loss,-4.128949825544244
bottom,dIS3_IS3_L,GFP,minus35,6,0.14712232674982556,"[56, 62]",2901,112,1.121212121212121,1.0747939161732265,0.2766958832841952,False,gain,-4.1400020710365455
top,dIS3_IS3_L,mScarlet,minus35,6,0.30737814649261996,"[121, 127]",2998,15,1.0444444444444445,1.0,0.39624676232652123,False,gain,-4.255319148936176
bottom,dIS3_IS3_L,mScarlet,minus35,6,0.1662757571109061,"[55, 61]",2991,22,1.0444444444444445,1.0,0.2898139702254347,False,gain,-4.255319148936176
bottom,dIS3_IS3_L,mScarlet,minus35,6,0.0973530364744481,"[96, 102]",3003,10,1.0444444444444445,1.0,0.22437856415166618,False,gain,-4.255319148936176
bottom,dIS3_IS3_L,mScarlet,minus10,6,0.25045841378396555,"[58, 64]",3002,11,1.0444444444444445,1.0,0.34951431376926384,False,gain,-4.255319148936176
top,dIS3_IS3_L,mScarlet,minus10,6,0.0977132456789514,"[14, 20]",3003,10,1.0444444444444445,1.0,0.22437856415166618,False,gain,-4.255319148936176
top,dIS3_IS3_L,mScarlet,minus35,6,0.25024697339113267,"[144, 150]",2999,14,1.0444444444444445,1.0,0.34951431376926384,False,gain,-4.255319148936176
bottom,DIS3_IS2_R,GFP,minus10,6,0.1301215413497635,"[66, 72]",4098,12,1.1327561327561328,1.0833333333333335,0.2614479117860989,False,gain,-4.363057324840759
bottom,DIS3_IS2_R,GFP,minus35,6,0.2241136377838216,"[104, 110]",4090,20,1.1332788671023963,1.0833333333333333,0.3365581965334899,False,gain,-4.407170663718932
top,dIS3_IS3_L,mScarlet,minus35,6,0.011426996277591861,"[141, 147]",2915,98,1.0476190476190477,1.0,0.05834489864088079,False,gain,-4.54545454545455
bottom,dIS3_IS3_L,mScarlet,minus35,6,0.0008740403767439492,"[134, 140]",2936,77,1.0476190476190477,1.0,0.010040909657234622,True,gain,-4.54545454545455
bottom,dIS3_IS3_L,mScarlet,minus10,6,0.055895096168661985,"[109, 115]",3002,11,1.0476190476190477,1.0,0.15855210285751178,False,gain,-4.54545454545455
bottom,dIS3_IS3_L,mScarlet,minus35,6,0.020542541250968823,"[56, 62]",2901,112,1.0476190476190477,1.0,0.08655789226136378,False,gain,-4.54545454545455
bottom,dIS3_IS3_L,mScarlet,minus35,6,0.032089951511885165,"[19, 25]",2983,30,1.0476190476190477,1.0,0.11509949550543934,False,gain,-4.54545454545455
bottom,dIS3_IS3_L,mScarlet,minus10,6,0.04520006498361413,"[142, 148]",245,2768,1.0,1.0476190476190477,0.14148028528903903,False,loss,-4.54545454545455
bottom,dIS3_IS3_L,mScarlet,minus10,6,0.006911898204910716,"[68, 74]",204,2809,1.0,1.0476190476190477,0.049176456080840175,True,loss,-4.54545454545455
bottom,dIS3_IS3_L,mScarlet,minus10,6,0.06066172721129955,"[129, 135]",3002,11,1.0476190476190477,1.0,0.16768910579429303,False,gain,-4.54545454545455
top,dIS3_IS3_L,mScarlet,minus35,6,0.018431323161017612,"[110, 116]",3002,11,1.0476190476190477,1.0,0.08040255355336257,False,gain,-4.54545454545455
bottom,dIS3_IS3_L,mScarlet,minus10,6,0.011965789965582636,"[70, 76]",2978,35,1.0476190476190477,1.0,0.06038549819840539,False,gain,-4.54545454545455
top,dIS3_IS3_L,mScarlet,minus35,6,0.03123730768620637,"[5, 11]",2981,32,1.0476190476190477,1.0,0.11355254917926408,False,gain,-4.54545454545455
top,DIS3_IS150_R,GFP,minus10,6,0.2914588062320606,"[108, 114]",6325,10,1.111111111111111,1.0596491228070177,0.3821544468420372,False,gain,-4.631578947368389
bottom,dIS3_IS3_L,mScarlet,minus35,6,0.00011446639705002029,"[58, 64]",238,2775,1.0,1.05,0.0022581098327140365,True,loss,-4.761904761904765
top,DIS3_IS150_L,mScarlet,minus35,6,0.11487940165202615,"[30, 36]",3141,13,1.111111111111111,1.0555555555555556,0.24202747726689003,False,gain,-4.999999999999983
top,DIS3_IS150_L,mScarlet,minus35,6,0.40074597996240474,"[14, 20]",3143,11,1.111111111111111,1.0555555555555556,0.4498414876190611,False,gain,-4.999999999999983
bottom,DIS3_IS150_R,GFP,minus35,6,0.2553546644780893,"[138, 144]",6318,17,1.111111111111111,1.0555555555555556,0.35520488584452165,False,gain,-4.999999999999983
bottom,DIS3_IS150_R,GFP,minus35,6,0.2595790442120029,"[112, 118]",6325,10,1.111111111111111,1.0555555555555554,0.3553858207823636,False,gain,-5.000000000000003
bottom,DIS3_IS150_R,GFP,minus35,6,0.2595790442120029,"[111, 117]",6325,10,1.111111111111111,1.0555555555555554,0.3553858207823636,False,gain,-5.000000000000003
top,DIS3_IS150_R,GFP,minus35,6,0.19816831328744666,"[119, 125]",6321,14,1.111111111111111,1.0555555555555554,0.31388703637500676,False,gain,-5.000000000000003
top,DIS3_IS150_L,GFP,minus35,6,0.28688695442325307,"[13, 19]",3144,10,1.142857142857143,1.0833333333333335,0.3796004214014995,False,gain,-5.208333333333334
bottom,DIS3_IS150_L,GFP,minus10,6,0.28688695442325307,"[132, 138]",3144,10,1.142857142857143,1.0833333333333335,0.3796004214014995,False,gain,-5.208333333333334
bottom,DIS3_IS150_L,GFP,minus10,6,0.19019780060271818,"[141, 147]",3139,15,1.142857142857143,1.0833333333333333,0.30465531984253164,False,gain,-5.208333333333353
top,DIS3_IS150_L,mScarlet,minus35,6,0.46813072438499526,"[111, 117]",3140,14,1.111111111111111,1.0515873015873016,0.48637923741679767,False,gain,-5.357142857142839
bottom,dIS3_IS3_R,GFP,minus10,6,0.015149672470854521,"[116, 122]",89,1836,1.1246376811594203,1.1904761904761905,0.06921008265632486,False,loss,-5.530434782608693
top,dIS3_IS3_R,GFP,minus35,6,0.05113231596157903,"[97, 103]",76,1849,1.1180555555555554,1.1842105263157894,0.14994206167111687,False,loss,-5.586419753086429
top,DIS3_IS150_R,GFP,minus10,6,0.11143051473404103,"[86, 92]",6298,37,1.111111111111111,1.0476190476190477,0.23706295781653827,False,gain,-5.714285714285695
bottom,DIS3_IS150_R,GFP,minus10,6,0.041158094748590876,"[127, 133]",6324,11,1.111111111111111,1.0476190476190477,0.1333030829917048,False,gain,-5.714285714285695
bottom,DIS3_IS150_R,GFP,minus10,6,0.11143051473404103,"[57, 63]",6298,37,1.111111111111111,1.0476190476190477,0.23706295781653827,False,gain,-5.714285714285695
bottom,DIS3_IS2_R,GFP,minus35,6,0.0869936235387897,"[123, 129]",4076,34,1.1333333333333333,1.0666666666666669,0.21330639895951825,False,gain,-5.88235294117645
bottom,DIS3_IS2_R,GFP,minus10,6,0.16425560728404787,"[144, 150]",4098,12,1.1330804544039839,1.066137566137566,0.28916532664408623,False,gain,-5.908043688003665
top,dIS3_IS3_L,GFP,minus35,6,0.05151149438140463,"[60, 66]",3001,12,1.117283950617284,1.0486425339366514,0.15004019168811816,False,gain,-6.14359641008977
bottom,dIS3_IS3_L,GFP,minus35,6,0.0011108649742299877,"[66, 72]",157,2856,1.0555555555555556,1.125,0.011478938067043207,True,loss,-6.172839506172837
top,dIS3_IS3_R,GFP,minus35,6,0.1275810177477697,"[25, 31]",1863,62,1.1842105263157894,1.111111111111111,0.25753563582573047,False,gain,-6.1728395061728465
top,DIS3_IS150_L,mScarlet,minus10,6,0.09568003877331782,"[13, 19]",3140,14,1.111111111111111,1.0423280423280423,0.22437856415166618,False,gain,-6.1904761904761765
top,DIS3_IS150_R,GFP,minus35,6,0.044882769088693666,"[7, 13]",6316,19,1.111111111111111,1.0416666666666667,0.14148028528903903,False,gain,-6.249999999999979
top,DIS3_IS150_R,GFP,minus35,6,0.11432132001174383,"[39, 45]",6324,11,1.111111111111111,1.0416666666666667,0.2420265994394967,False,gain,-6.249999999999979
top,DIS3_IS150_R,GFP,minus10,6,0.23734127888317724,"[68, 74]",6325,10,1.111111111111111,1.0416666666666665,0.3422130067617904,False,gain,-6.249999999999998
bottom,DIS3_IS150_R,GFP,minus35,6,0.0649833322968629,"[59, 65]",6297,38,1.111111111111111,1.0404761904761906,0.17252306426252081,False,gain,-6.357142857142836
top,DIS3_IS150_L,mScarlet,minus35,6,0.05049014719137317,"[131, 137]",3140,14,1.111111111111111,1.0401109611635926,0.1490661488507208,False,gain,-6.390013495276653
bottom,DIS3_IS150_R,GFP,minus35,6,0.32044193530034737,"[58, 64]",6323,12,1.111111111111111,1.037037037037037,0.4030811948529058,False,gain,-6.666666666666657
bottom,DIS3_IS150_R,GFP,minus10,6,0.01950485721190521,"[92, 98]",6314,21,1.111111111111111,1.037037037037037,0.08299125519575354,False,gain,-6.666666666666657
bottom,DIS3_IS150_R,GFP,minus35,6,0.32044193530034737,"[57, 63]",6323,12,1.111111111111111,1.037037037037037,0.4030811948529058,False,gain,-6.666666666666657
bottom,dIS3_IS3_R,GFP,minus35,6,0.008733680692011008,"[131, 137]",119,1806,1.111111111111111,1.1904761904761905,0.054148820290468254,False,loss,-6.66666666666668
bottom,dIS3_IS3_R,GFP,minus35,6,0.33023150685662667,"[105, 111]",1914,11,1.1816179337231967,1.1013986013986017,0.40586527697151215,False,gain,-6.788939980948783
bottom,dIS3_IS3_L,GFP,minus10,6,0.20230419029836888,"[58, 64]",3002,11,1.1180541078915063,1.0416666666666667,0.31696757613535054,False,gain,-6.832177502473074
bottom,DIS3_IS2_R,GFP,minus10,6,0.18997248767883418,"[28, 34]",4096,14,1.1330804544039839,1.0555555555555554,0.30465531984253164,False,gain,-6.84195888713019
top,DIS3_IS2_R,GFP,minus10,6,0.18997248767883418,"[115, 121]",4096,14,1.1330804544039839,1.0555555555555554,0.30465531984253164,False,gain,-6.84195888713019
bottom,dIS3_IS3_R,GFP,minus35,6,0.0017105629550012073,"[100, 106]",156,1769,1.111111111111111,1.1929824561403508,0.016497429388233866,True,loss,-6.862745098039225
bottom,dIS3_IS3_L,GFP,minus10,6,0.014478830140052003,"[70, 76]",2978,35,1.1211473711473712,1.042989417989418,0.06684906681683585,False,gain,-6.97124706076483
bottom,DIS3_IS150_R,GFP,minus10,6,0.04045475050252562,"[133, 139]",6306,29,1.111111111111111,1.0333333333333334,0.13201023848192572,False,gain,-6.999999999999976
bottom,DIS3_IS150_L,GFP,minus35,6,0.001671318499242592,"[96, 102]",141,3013,1.0666666666666669,1.149834844331998,0.016485277924347383,True,loss,-7.233054214290051
top,dIS3_IS3_L,GFP,minus35,6,0.010360153376655065,"[5, 11]",2981,32,1.121212121212121,1.0393518518518519,0.05485963785402345,False,gain,-7.301051051051041
bottom,dIS3_IS3_L,GFP,minus35,6,0.14727361529642646,"[55, 61]",2991,22,1.119047619047619,1.0359848484848486,0.2766958832841952,False,gain,-7.422630560928423
top,DIS3_IS150_R,GFP,minus10,6,0.03085746212802304,"[57, 63]",6296,39,1.111111111111111,1.0277777777777777,0.11349269969120339,False,gain,-7.499999999999994
top,dIS3_IS3_R,GFP,minus35,6,0.14891520479125647,"[29, 35]",1907,18,1.1817543859649122,1.088888888888889,0.27857413310088497,False,gain,-7.858273950910514
top,DIS3_IS150_R,GFP,minus35,6,0.024798299338775625,"[28, 34]",6313,22,1.111111111111111,1.0214646464646466,0.09609340993775554,False,gain,-8.06818181818179
bottom,DIS3_IS150_R,GFP,minus35,6,0.11693749752300492,"[64, 70]",6317,18,1.111111111111111,1.0208333333333335,0.2451733039854306,False,gain,-8.124999999999973
top,dIS3_IS3_R,GFP,minus10,6,6.173879697771764e-05,"[45, 51]",171,1754,1.1,1.1987598283790724,0.0012759351375394978,True,loss,-8.238499993164803
bottom,dIS3_IS3_R,GFP,minus35,6,0.02135845691063712,"[139, 145]",1898,27,1.1837035116526948,1.0833333333333333,0.08828162189730009,False,gain,-8.47933433763528
top,dIS3_IS3_R,GFP,minus35,6,4.528109269555025e-05,"[44, 50]",197,1728,1.095860566448802,1.2,0.0009825997114934404,True,loss,-8.678286129266503
bottom,DIS3_IS150_L,GFP,minus10,6,0.09436869689612565,"[33, 39]",3140,14,1.142857142857143,1.0416666666666665,0.22437856415166618,False,gain,-8.854166666666693
bottom,dIS3_IS3_L,GFP,minus10,6,0.03289536562354189,"[132, 138]",2986,27,1.1211473711473712,1.021505376344086,0.11702121869358344,False,gain,-8.887501979450974
top,DIS3_IS150_L,GFP,minus10,6,0.010491589727843195,"[13, 19]",3140,14,1.1431878306878307,1.0404411764705883,0.05485963785402345,False,gain,-8.987731627218427
bottom,dIS3_IS3_R,GFP,minus10,6,0.4470986705393997,"[103, 109]",1912,13,1.1810185185185185,1.0714285714285714,0.4734120087246896,False,gain,-9.279274234193872
bottom,DIS3_IS2_R,GFP,minus35,6,0.09484666717287793,"[144, 150]",4089,21,1.1333333333333333,1.0256410256410255,0.22437856415166618,False,gain,-9.50226244343892
bottom,DIS3_IS2_R,GFP,minus35,6,0.18351367930098222,"[115, 121]",4097,13,1.132936507936508,1.022222222222222,0.301685366729645,False,gain,-9.772329246935225
top,DIS3_IS150_L,mScarlet,minus10,6,0.04612429608014249,"[110, 116]",3143,11,1.111111111111111,1.0,0.14177267973835397,False,gain,-9.999999999999986
top,DIS3_IS150_L,mScarlet,minus10,6,0.2030781104092359,"[57, 63]",3141,13,1.111111111111111,1.0,0.31703561121441864,False,gain,-9.999999999999986
top,DIS3_IS150_R,GFP,minus35,6,0.021951311790727544,"[17, 23]",6319,16,1.111111111111111,1.0,0.08987612563373353,False,gain,-9.999999999999986
top,DIS3_IS150_R,GFP,minus10,6,0.1177809291951169,"[88, 94]",6305,30,1.111111111111111,1.0,0.24525882647965008,False,gain,-9.999999999999986
bottom,DIS3_IS150_L,mScarlet,minus10,6,0.0005611148832352969,"[33, 39]",3140,14,1.111111111111111,1.0,0.007268490639259757,True,gain,-9.999999999999986
top,DIS3_IS150_L,mScarlet,minus35,6,0.10531325269069891,"[18, 24]",3137,17,1.111111111111111,1.0,0.23672433307181956,False,gain,-9.999999999999986
bottom,DIS3_IS150_R,GFP,minus10,6,0.005176027143008121,"[13, 19]",6320,15,1.111111111111111,1.0,0.04238482603897216,True,gain,-9.999999999999986
bottom,DIS3_IS150_R,GFP,minus10,6,0.0601723716008598,"[21, 27]",6324,11,1.111111111111111,1.0,0.16740262355623817,False,gain,-9.999999999999986
bottom,DIS3_IS150_R,GFP,minus35,6,0.0003804122325592599,"[126, 132]",6325,10,1.111111111111111,1.0,0.005503296964357292,True,gain,-9.999999999999986
bottom,DIS3_IS150_R,GFP,minus35,6,0.03320844643276895,"[118, 124]",6318,17,1.111111111111111,1.0,0.11717451830749369,False,gain,-9.999999999999986
bottom,DIS3_IS2_R,GFP,minus35,6,0.03360735110331105,"[44, 50]",4098,12,1.1333333333333333,1.0151515151515151,0.11762572886158867,False,gain,-10.427807486631014
bottom,dIS3_IS3_L,GFP,minus35,6,0.013092773375747829,"[46, 52]",3002,11,1.119047619047619,1.0,0.06313626272305065,False,gain,-10.638297872340427
top,dIS3_IS3_L,GFP,minus35,6,0.02362552493861255,"[144, 150]",2999,14,1.119047619047619,1.0,0.0932134347577986,False,gain,-10.638297872340427
bottom,dIS3_IS3_R,GFP,minus35,6,0.0842077168839005,"[140, 146]",1909,16,1.1831964969896005,1.0571799870045484,0.20883513787207325,False,gain,-10.650514120492675
bottom,dIS3_IS3_R,GFP,minus35,6,0.03654018753805386,"[54, 60]",1909,16,1.1817543859649122,1.0555555555555554,0.12486961725602658,False,gain,-10.678939034045936
top,dIS3_IS3_R,GFP,minus10,6,0.05961719505799236,"[7, 13]",1907,18,1.182249322493225,1.0550682261208577,0.1669281461623786,False,gain,-10.757552908058107
bottom,dIS3_IS3_L,GFP,minus35,6,2.63604369487068e-05,"[134, 140]",2936,77,1.1222222222222225,1.0,0.0007481207438973112,True,gain,-10.89108910891091
top,DIS3_IS150_L,GFP,minus35,6,0.04563880170614162,"[111, 117]",3140,14,1.142857142857143,1.0119047619047619,0.14148028528903903,False,gain,-11.45833333333335
bottom,DIS3_IS2_R,GFP,minus10,6,0.061956555664803833,"[82, 88]",4099,11,1.1332244008714596,1.0,0.16911412049386707,False,gain,-11.756224166105923
top,DIS3_IS2_R,GFP,minus10,6,0.061956555664803833,"[61, 67]",4099,11,1.1332244008714596,1.0,0.16911412049386707,False,gain,-11.756224166105923
bottom,DIS3_IS2_R,GFP,minus10,6,0.00808329318234585,"[38, 44]",4093,17,1.1333333333333333,1.0,0.05250151988990898,False,gain,-11.764705882352938
bottom,DIS3_IS2_R,GFP,minus10,6,0.0019667755738338793,"[117, 123]",4099,11,1.1333333333333333,1.0,0.01816128934135965,True,gain,-11.764705882352938
bottom,DIS3_IS2_R,GFP,minus35,6,0.02349796340944101,"[12, 18]",4099,11,1.1333333333333333,1.0,0.0932134347577986,False,gain,-11.764705882352938
top,DIS3_IS2_R,GFP,minus10,6,0.009381834269772137,"[49, 55]",4098,12,1.1333333333333333,1.0,0.05428954764108143,False,gain,-11.764705882352938
top,DIS3_IS150_L,GFP,minus35,6,0.09571266103868353,"[18, 24]",3137,17,1.142857142857143,1.0,0.22437856415166618,False,gain,-12.50000000000001
top,DIS3_IS150_L,GFP,minus10,6,0.03646320395398005,"[110, 116]",3143,11,1.142857142857143,1.0,0.12486961725602658,False,gain,-12.50000000000001
bottom,DIS3_IS150_L,GFP,minus10,6,0.0001664598072846811,"[112, 118]",3123,31,1.1444444444444446,1.0,0.0030101481817313164,True,gain,-12.621359223300981
top,DIS3_IS150_L,GFP,minus10,6,0.00031661950955943384,"[31, 37]",3124,30,1.1444444444444446,1.0,0.004907602398171225,True,gain,-12.621359223300981
top,DIS3_IS150_L,GFP,minus10,6,0.0007369716305482685,"[62, 68]",3102,52,1.1444444444444446,1.0,0.00913844821879853,True,gain,-12.621359223300981
bottom,dIS3_IS3_R,GFP,minus10,6,0.002850573367680542,"[122, 128]",1911,14,1.1831964969896005,1.0,0.024742976831467107,True,gain,-15.483184530693439
